geolocation_city,geolocation_state,total_sellers,avg_lat,avg_lng
sao paulo,SP,566,-23.563564700732897,-46.61303756872995
são paulo,SP,129,-23.555710348428544,-46.628177097866356
curitiba,PR,126,-25.452942813817735,-49.277171676127686
rio de janeiro,RJ,96,-22.91088583169036,-43.318676623122684
belo horizonte,MG,70,-19.899088663543907,-43.951632790980874
ribeirao preto,SP,53,-21.17447264444589,-47.793191742371334
guarulhos,SP,51,-23.449556571923,-46.511563531578695
ibitinga,SP,49,-21.75732063771276,-48.82974353343716
campinas,SP,41,-22.896282631608294,-47.06242263618724
maringa,PR,40,-23.415147429003817,-51.93037769614675
santo andre,SP,36,-23.654488726563024,-46.52005735142669
sao bernardo do campo,SP,34,-23.709075014547395,-46.56100431965292
osasco,SP,33,-23.535139186485605,-46.78612291103593
sorocaba,SP,32,-23.495441487634633,-47.461652935414484
sao jose do rio preto,SP,30,-20.807522122050162,-49.371918392723664
porto alegre,RS,27,-30.0364379052427,-51.19012737717076
londrina,PR,26,-23.318387401162756,-51.16322022067756
joinville,SC,22,-26.290655585783828,-48.84705196902398
brasilia,DF,21,-15.809936866321488,-47.95571593104442
blumenau,SC,21,-26.88879084437416,-49.09618171033592
franca,SP,20,-20.532385695954183,-47.40122341514917
sao caetano do sul,SP,19,-23.62771244561546,-46.56016760593651
goiania,GO,19,-16.68682305659773,-49.28409331864867
caxias do sul,RS,18,-29.169406629050584,-51.176872108472104
mogi das cruzes,SP,17,-23.5237729738636,-46.18786325146222
limeira,SP,17,-22.582362346106287,-47.40722253743789
santos,SP,16,-23.952227178866877,-46.32838724375319
cascavel,PR,15,-24.95751649645955,-53.46469113966743
sao jose dos campos,SP,15,-23.210400486378045,-45.88478785510876
florianopolis,SC,14,-27.567325422652363,-48.519902216040535
bauru,SP,14,-22.33633053930573,-49.06642082196549
barueri,SP,13,-23.503188836487986,-46.87277925061465
piracicaba,SP,13,-22.71683623438175,-47.652495356020104
sao carlos,SP,13,-22.02168368819351,-47.89094909773959
sao jose dos pinhais,PR,12,-25.54675609072842,-49.173886769927606
marilia,SP,12,-22.195068899603807,-49.951117913091046
presidente prudente,SP,12,-22.11343256533034,-51.40122769687026
rio claro,SP,12,-22.39887146439375,-47.567237047042
taboao da serra,SP,11,-23.616100432065824,-46.77670689221364
atibaia,SP,11,-23.115403136853146,-46.560110045864555
araraquara,SP,11,-21.783884258118693,-48.17492346200813
jundiai,SP,11,-23.195221467852146,-46.89923308385169
santo andré,SP,11,-23.676758023859165,-46.52482522506209
contagem,MG,11,-19.917604522287466,-44.03831418933718
uberlandia,MG,11,-18.91203214822484,-48.27934987953134
carapicuiba,SP,11,-23.551036151667766,-46.83232673707866
diadema,SP,10,-23.687582233156014,-46.61041042637693
arapongas,PR,10,-23.41231732004682,-51.43324590162247
cotia,SP,10,-23.608636796759424,-46.89563782729503
americana,SP,10,-22.731711773644424,-47.31933696781867
porto ferreira,SP,10,-21.866032425983516,-47.4781017581213
praia grande,SP,10,-24.02903050554878,-46.478502601489886
catanduva,SP,10,-21.13188793431475,-48.97596386568503
birigui,SP,10,-21.28994678476456,-50.3411598155266
juiz de fora,MG,10,-21.75438759654552,-43.35457807305853
brusque,SC,10,-27.113232422275416,-48.930768451873675
jaragua do sul,SC,9,-26.483683362194782,-49.07853695620112
canoas,RS,9,-29.922017427978346,-51.16741663361184
salto,SP,9,-23.19445330433261,-47.29886001525402
santana de parnaiba,SP,9,-23.457214698139865,-46.911859136254286
pinhais,PR,9,-25.436008720093113,-49.1849186770991
itaquaquecetuba,SP,9,-23.475953098806766,-46.345740673444865
pedreira,SP,9,-22.74032548616481,-46.896753691339335
toledo,PR,8,-24.717944981834965,-53.74213088075521
assis,SP,8,-22.662323595751275,-50.42150961911897
maua,SP,8,-23.663626153583735,-46.44648321448302
apucarana,PR,8,-23.555019820161206,-51.46491994887163
jacarei,SP,8,-23.295363266687197,-45.977131149318005
indaiatuba,SP,8,-23.104976318690433,-47.21904175757124
colombo,PR,8,-25.358443634148337,-49.19004235095805
divinopolis,MG,8,-20.15123441709384,-44.892997827923956
valinhos,SP,7,-22.961508281144408,-46.99765697456187
salvador,BA,7,-12.969485918543848,-38.475450765778305
sao roque,SP,7,-23.53202082700508,-47.13969574563589
sao goncalo,RJ,7,-22.83022122133389,-43.01706276589847
santa rita do sapucai,MG,7,-22.247210939506797,-45.70752067761215
fortaleza,CE,7,-3.749608400093274,-38.560599016996726
novo hamburgo,RS,7,-29.68891448329919,-51.13124336670857
niteroi,RJ,7,-22.90742812359267,-43.08912492891058
claudio,MG,6,-20.437204870235007,-44.76203405975948
uba,MG,6,-21.11826771003017,-42.93926571217461
itajai,SC,6,-26.9336715011835,-48.681971384245344
brasília,DF,6,-15.829099631630086,-47.97389505525311
mauá,SP,6,-23.674506940969994,-46.454517729765165
guaruja,SP,6,-23.97171824376819,-46.24826251014044
fazenda rio grande,PR,6,-25.659131070453842,-49.3131095258751
ponta grossa,PR,6,-25.09170669490726,-50.15003371667976
florianópolis,SC,6,-27.565095984953548,-48.48718455646702
betim,MG,5,-19.947504246799333,-44.17495073848592
palhoça,SC,5,-27.669487506773514,-48.67859398556579
nova friburgo,RJ,5,-22.266862499678155,-42.529313684524965
lajeado,RS,5,-29.445868157077097,-51.97643812433586
penapolis,SP,5,-21.427475736233188,-50.07670284862172
recife,PE,5,-8.07101615585475,-34.909199128289366
foz do iguacu,PR,5,-25.53496182201166,-54.57771220172018
tupa,SP,5,-21.934331289871345,-50.5159190490879
tubarao,SC,5,-28.476512929320297,-49.008558639532794
são josé do rio preto,SP,5,-20.840575002802826,-49.359459304310036
sumare,SP,5,-22.81912153370497,-47.228587442746495
amparo,SP,5,-22.7078025316318,-46.790301524260144
vila velha,ES,5,-20.35533348438494,-40.301818740803284
votuporanga,SP,4,-20.41894027939403,-49.977107331242976
votorantim,SP,4,-23.541231342074447,-47.45310153458825
taubate,SP,4,-23.01590051065752,-45.5626868449809
umuarama,PR,4,-23.760218155689586,-53.29507335785261
borda da mata,MG,4,-22.26258413023529,-46.1711239405763
botucatu,SP,4,-22.870700534646602,-48.446184549333225
varginha,MG,4,-21.571500571474367,-45.4341367294349
aracatuba,SP,4,-21.213730274047716,-50.457667759532384
santa barbara d'oeste,SP,4,-22.752973258467055,-47.376025887845955
balneario camboriu,SC,4,-26.992704286772554,-48.63215150489717
araguari,MG,4,-18.646261201640765,-48.19505919743724
rio do sul,SC,4,-27.221026823562063,-49.6482295308623
barretos,SP,4,-20.557429257625955,-48.56514533007081
araras,SP,4,-22.352894660557094,-47.38892768075934
laranjal paulista,SP,4,-23.04955173261455,-47.83762131131264
itapecerica da serra,SP,4,-23.706965235898416,-46.85750771168049
sete lagoas,MG,4,-19.458623377632982,-44.24396110066067
braganca paulista,SP,4,-22.941388281745567,-46.53578371816013
mogi-guacu,SP,4,-22.370389615640075,-46.940606985841356
mirassol,SP,4,-20.815690325332216,-49.508812334032896
pocos de caldas,MG,4,-21.811624567679097,-46.55837798327083
nova iguacu,RJ,4,-22.739538181771564,-43.44963082082958
mogi guaçu,SP,4,-22.35895502277493,-46.94070593964753
petropolis,RJ,4,-22.396993678683113,-43.133169379150466
palhoca,SC,4,-27.672134914971107,-48.6760154918302
sao jose,SC,4,-27.569732716223715,-48.636982522216385
capivari,SP,4,-22.997483794858958,-47.505725105505064
goiânia,GO,4,-16.666886003709116,-49.28316613209651
fernandopolis,SP,4,-20.289417165255067,-50.251040967287835
ferraz de vasconcelos,SP,4,-23.5434023518452,-46.36770082145348
formiga,MG,4,-20.46253562176835,-45.433058998165116
francisco beltrao,PR,4,-26.062466899618833,-53.058632863322224
garca,SP,4,-22.211471483564306,-49.65862497197638
ribeirao pires,SP,4,-23.695076926784598,-46.3934826396104
cachoeiro de itapemirim,ES,4,-20.846398736833773,-41.13726150951129
campo grande,MS,4,-20.45366551179175,-54.667156703814676
jaci,SP,4,-20.884709308834225,-49.57192076295022
itu,SP,4,-23.26811303893075,-47.310976496127445
itatiba,SP,4,-22.997545208801142,-46.83808631340862
itajaí,SC,4,-26.91187688025883,-48.65639411001171
itapevi,SP,4,-23.542859442354082,-46.93740838287348
barra mansa,RJ,4,-22.53476984702904,-44.1943466045855
sarandi,PR,3,-23.438314079105442,-51.867788646913006
serra,ES,3,-20.216091791919947,-40.26318431369494
vargem grande do sul,SP,3,-21.834918641034367,-46.89918572591992
são josé do rio pardo,SP,3,-21.58298742993431,-46.94775856933444
boituva,SP,3,-23.287426948305722,-47.670586146714506
vitoria,ES,3,-20.272017253670615,-40.295575697539284
são josé dos campos,SP,3,-23.230395823027,-45.908001287431524
suzano,SP,3,-23.560723035616473,-46.3064196601737
tres coracoes,MG,3,-21.693370826873444,-45.25976867138686
santa terezinha de itaipu,PR,3,-25.442862117746696,-54.402764727764094
conselheiro lafaiete,MG,3,-20.656824880982814,-43.793738115843716
rolandia,PR,3,-23.314367020180033,-51.3738755293534
artur nogueira,SP,3,-22.57120786162834,-47.1657687687331
duque de caxias,RJ,3,-22.729869173440324,-43.296942686705506
santa maria,RS,3,-29.696471199823964,-53.75456433547421
santa bárbara d'oeste,SP,3,-22.76121466233191,-47.40653691874016
tabatinga,SP,3,-21.73706314242179,-48.687600901117015
uberaba,MG,3,-19.756270372779586,-47.938178343902386
aruja,SP,3,-23.3992386631989,-46.32724943609788
jaguariuna,SP,3,-22.69294884489288,-46.98287754029338
venancio aires,RS,3,-29.611110671457663,-52.193313555031075
batatais,SP,3,-20.902351312997194,-47.58317411415381
cachoeirinha,RS,3,-29.932908448780424,-51.09185041467746
mesquita,RJ,3,-22.77394564330629,-43.42340056288381
carazinho,RS,3,-28.29124464593789,-52.79025576343903
pelotas,RS,3,-31.75402159562147,-52.33524850444861
cariacica,ES,3,-20.321530350040362,-40.38797612831073
mogi mirim,SP,3,-22.431497095562168,-46.96630506902482
cambe,PR,3,-23.28496872418553,-51.26671101893464
macae,RJ,3,-22.355904296628285,-41.778750073529345
lencois paulista,SP,3,-22.598845612991415,-48.804623506835945
serra negra,SP,3,-22.614621137795265,-46.709593428612386
loanda,PR,3,-22.929383785209307,-53.13587259427024
jau,SP,3,-22.2816194107394,-48.54856406334682
anapolis,GO,3,-16.347030589632624,-48.953872582979784
lages,SC,3,-27.81908354776185,-50.3350346123176
lençóis paulista,SP,3,-22.602714112584028,-48.79041890564511
jundiaí,SP,3,-23.175775367299536,-46.905567548059814
marechal candido rondon,PR,3,-24.55452501789851,-54.05852495786673
campo largo,PR,3,-25.458940546653366,-49.53635602514379
pompeia,SP,3,-22.10367343012363,-50.17893613850754
sao bento do sul,SC,3,-26.24054329829846,-49.39578256490112
chapeco,SC,3,-27.103127892155005,-52.61499355615998
guaratuba,PR,3,-25.887866961664873,-48.58448614693001
morrinhos,GO,3,-17.733896355961825,-49.11590889021752
montes claros,MG,3,-16.721976101453777,-43.862913638944725
navegantes,SC,3,-26.8749209758567,-48.64852414651665
osvaldo cruz,SP,3,-21.795711019289442,-50.879277765103005
marília,SP,3,-22.197206766114302,-49.9521952681175
registro,SP,2,-24.498837779550897,-47.84616128650988
coronel fabriciano,MG,2,-19.506713154390685,-42.628614039650095
cosmopolis,SP,2,-22.637664175696557,-47.18345002291001
jaguariúna,SP,2,-22.69420041745738,-46.98580962033324
jaguaruna,SC,2,-28.633920987357754,-49.024157474362944
viamao,RS,2,-30.08065606671188,-51.03755566893592
uruacu,GO,2,-14.518474806651268,-49.14209708875239
volta redonda,RJ,2,-22.502342989941226,-44.12851768117163
são bernardo do campo,SP,2,-23.695388221673284,-46.568181571552586
sombrio,SC,2,-29.108465252964574,-49.63523203121822
curitibanos,SC,2,-27.290948728745207,-50.577361136441255
criciúma,SC,2,-28.684622581673878,-49.36294500020432
cuiaba,MT,2,-15.631518659890624,-56.07717871431559
dores de campos,MG,2,-21.109897644968864,-44.02336767935939
criciuma,SC,2,-28.67985690393906,-49.36982425379968
santa rosa,RS,2,-28.057902813403288,-54.39263031117398
rodeio,SC,2,-26.88932240353919,-49.35056297333393
dois corregos,SP,2,-22.368024597233408,-48.386261979222404
echapora,SP,2,-22.4299509636415,-50.20543406742506
treze tilias,SC,2,-26.998521324070396,-51.411579838730134
auriflama,SP,2,-20.685083174259976,-50.55462075520381
baependi,MG,2,-21.961660896718744,-44.88903628055419
bady bassitt,SP,2,-20.91711533777068,-49.45081883954137
araxa,MG,2,-19.600894515631342,-46.93168169534028
armacao dos buzios,RJ,2,-22.766572484803717,-41.908675205986285
tatui,SP,2,-23.34178423554456,-47.847418736404336
taubaté,SP,2,-23.022806049124338,-45.550847355737325
teresopolis,RJ,2,-22.42443069874539,-42.97347126402947
timbo,SC,2,-26.827603296905576,-49.27037623408747
tiradentes,MG,2,-21.10980791604441,-44.17477905963709
tanabi,SP,2,-20.623521591055777,-49.65195844976547
videira,SC,2,-27.00447650803858,-51.15253710423868
alfenas,MG,2,-21.42217278248631,-45.96434436535584
são caetano do sul,SP,2,-23.625279156696465,-46.568348708670726
bonfim paulista,SP,2,-21.254547608936228,-47.8152907655656
gaspar,SC,2,-26.893528836917028,-48.980654879296836
garopaba,SC,2,-28.038737678812907,-48.631463327998624
pradopolis,SP,2,-21.35993680296325,-48.07391298482993
formosa,GO,2,-15.545566850853252,-47.33341500283572
natal,RN,2,-5.816246213975868,-35.20472527144275
nova iguaçu,RJ,2,-22.744477193691708,-43.44986348491296
nova odessa,SP,2,-22.79310085387787,-47.310000403668695
montenegro,RS,2,-29.68780422662315,-51.467963988245124
igaracu do tiete,SP,2,-22.516187213174263,-48.56280548602923
ipatinga,MG,2,-19.484038382741268,-42.55553505364345
indaial,SC,2,-26.898820974551967,-49.24653906938705
pato branco,PR,2,-26.226411667052986,-52.67454717796045
pitanga,PR,2,-24.75784641485761,-51.76595818161726
porto belo,SC,2,-27.15728166876613,-48.57004704358004
petrópolis,RJ,2,-22.436604521498417,-43.18462810319869
patos de minas,MG,2,-18.585774270294678,-46.52233264700713
paulinia,SP,2,-22.76960017971,-47.150402273886904
paulo lopes,SC,2,-27.978665492288254,-48.68271760811336
paulínia,SP,2,-22.735332235607455,-47.17665406567105
imbituba,SC,2,-28.231882617674767,-48.67933195388163
farroupilha,RS,2,-29.316163765928543,-51.337219984864205
flores da cunha,RS,2,-29.035257065411393,-51.183154546287696
franco da rocha,SP,2,-23.314582097216643,-46.71273748696494
ribeirao das neves,MG,2,-19.809715570061748,-44.01979702415473
ribeirão preto,SP,2,-21.200712400380823,-47.78721011474358
sao miguel do oeste,SC,2,-26.73341376125163,-53.517529914408506
estancia velha,RS,2,-28.771317519978446,-50.46414800112312
sao ludgero,SC,2,-28.32938171277176,-49.176644834659655
sao joao del rei,MG,2,-21.12879658788949,-44.25619443837246
sao joao de meriti,RJ,2,-22.771897406334297,-43.37991156186323
sao pedro,SP,2,-22.55124525869923,-47.90659642198052
conchal,SP,2,-22.338398569332117,-47.1683209783616
ceilandia,DF,2,-15.818415623808288,-48.118657618509445
caruaru,PE,2,-8.285410366791194,-35.96861908115203
castro,PR,2,-24.79988481787012,-49.99687494311637
canoinhas,SC,2,-26.17842967715644,-50.39172922868355
ribeirão pires,SP,2,-23.7153796585286,-46.403578780195645
cajamar,SP,2,-23.388868553793937,-46.85456133306389
campos dos goytacazes,RJ,2,-21.75650602388157,-41.33204541278835
cafelandia,SP,2,-21.80320059939524,-49.602212692890134
campo limpo paulista,SP,2,-23.211746332732215,-46.762875138051314
barbacena,MG,2,-21.226538680569085,-43.78080097136182
belford roxo,RJ,2,-22.740991139047388,-43.4016888070465
campo bom,RS,2,-29.67704500881413,-51.060403440177396
bariri,SP,2,-22.074022270567585,-48.74025621655563
itauna,MG,2,-20.077863070164632,-44.576133772160524
jacutinga,MG,2,-22.288146664323694,-46.61190091318773
jaboticabal,SP,2,-21.251411780067905,-48.319432284800584
itaipulandia,PR,2,-25.147980629391814,-54.30365145115528
bento goncalves,RS,2,-29.155674465575085,-51.51306325887411
itajobi,SP,2,-21.31499774715289,-49.055417305075984
campo do meio,MG,2,-21.109499455456902,-45.8298343383836
lauro de freitas,BA,2,-12.893166748087063,-38.33787462509412
mairipora,SP,2,-23.329721686232084,-46.59712215964799
mage,RJ,2,-22.651419516496585,-43.066557876304024
maringá,PR,2,-23.436935641611,-51.96266259093467
bragança paulista,SP,2,-22.964802783097714,-46.53441931528525
itapetininga,SP,2,-23.587565723331036,-48.04486901382985
ipira,BA,2,-12.154533930203856,-39.74046054005801
itaboraí,RJ,2,-22.763788631384415,-42.90224497398218
laurentino,SC,2,-27.221224290121654,-49.731481761265776
lagoa da prata,MG,2,-20.024064772425362,-45.537189813602396
lorena,SP,2,-22.73119397606822,-45.11612021410136
joao pessoa,PB,2,-7.141210972932736,-34.855740962278105
araucaria,PR,2,-25.578642974768393,-49.36669699706418
andradas,MG,2,-22.07047143353818,-46.57354819165932
angra dos reis,RJ,2,-22.977726460112457,-44.465760279731334
xanxere,SC,2,-26.876415100422566,-52.403994657794016
xaxim,SC,1,-26.959436655053853,-52.53171511177201
aparecida,SP,1,-22.851231225609038,-45.24664690995327
aparecida de goiania,GO,1,-16.766552159923314,-49.33937440860811
aperibe,RJ,1,-21.62582998898821,-42.10489089799902
aracaju,SE,1,-10.913110813044037,-37.0617440450815
araquari,SC,1,-26.407378348238257,-48.75811272641001
ararangua,SC,1,-28.944044468843746,-49.49918340607663
araçatuba,SP,1,-21.211705991894554,-50.40363945155295
arinos,MG,1,-15.920350682439093,-46.10773503284158
arraial d'ajuda,BA,1,-16.400187212609048,-39.26274691403601
arvorezinha,RS,1,-28.87190543829348,-52.180111441190874
avare,SP,1,-23.103845020089445,-48.91419147685257
bagé,RS,1,-31.32726762241418,-54.106450230952454
tocantins,MG,1,-21.1726252218232,-43.0219328222331
torres,RS,1,-29.34114246818455,-49.74491959115231
balneário piçarras,SC,1,-26.760771390660455,-48.681909781747734
bandeirantes,PR,1,-23.111896862925292,-50.37155139815296
barra do jacare,PR,1,-23.112718429096926,-50.175860427059064
barra velha,SC,1,-26.660970150266756,-48.691953317317825
barrinha,SP,1,-21.190885638654144,-48.15620878829506
barro alto,BA,1,-11.76948844484253,-41.90185348124609
bebedouro,SP,1,-20.924599508487425,-48.49059077246631
bertioga,SP,1,-23.818390396829994,-46.080623703430774
camanducaia,MG,1,-22.75549974414299,-46.14001332890425
camboriu,SC,1,-27.02362385481353,-48.64826262904155
campanha,MG,1,-21.834793738633515,-45.40188042460609
campina das missoes,RS,1,-27.986799762328445,-54.84099998542986
campina grande,PB,1,-7.21946865312162,-35.89009882278153
campo magro,PR,1,-25.375606922660335,-49.38601129666979
campo mourao,PR,1,-24.034078488679658,-52.375641325826784
campos novos,SC,1,-27.399055235300438,-51.22556495735034
soledade,RS,1,-28.827449667113736,-52.50925488808854
braco do norte,SC,1,-28.274304945434466,-49.165211726860235
brejão,PE,1,-9.024839005157318,-36.57020044972058
brotas,SP,1,-22.282154968038324,-48.12510155957027
buritama,SP,1,-21.067287508771535,-50.14440187114213
cachoeira do sul,RS,1,-30.023143547065175,-52.91233224127847
caieiras,SP,1,-23.3908648121337,-46.71850647800803
california,PR,1,-23.665523235370998,-51.35659668422704
sao vicente,SP,1,-23.955980420412015,-46.38161452410678
sapiranga,RS,1,-29.63655061319904,-51.00782414855772
saquarema,RJ,1,-22.923756548355588,-42.50447966854643
serra redonda,PB,1,-7.185330489314501,-35.68043589181518
serrana,SP,1,-21.208159120071993,-47.60162092584304
sertanópolis,PR,1,-23.059061150910853,-51.037541668178726
sinop,MT,1,-11.83455242799876,-55.50810988391814
socorro,SP,1,-22.596373040143575,-46.50720671996104
itapui,SP,1,-22.23455857964727,-48.721835002175304
itau de minas,MG,1,-20.74428836520151,-46.75138057010448
itirapina,SP,1,-22.252002596014556,-47.81543112451409
ivoti,RS,1,-29.605286893562898,-51.16427789211877
içara,SC,1,-28.715980124328123,-49.299651376329926
jaciara,MT,1,-15.95127425196516,-54.98521595207802
medianeira,PR,1,-25.29320167334103,-54.095134218967516
messias targino,RN,1,-6.079137345909716,-37.51443645815574
ipe,RS,1,-28.8019037608538,-51.28985837084383
ipua,SP,1,-20.445531132262545,-48.01402332006467
irati,PR,1,-25.474093335032038,-50.65035940195514
irece,BA,1,-11.304164446373443,-41.855805030013435
itabira,MG,1,-19.63079871695884,-43.222253680108224
itapema,SC,1,-27.104775732474042,-48.62229620137128
itapeva,SP,1,-23.97414802490568,-48.87104664329509
itaporanga,SP,1,-23.705464946211745,-49.48636347801798
mandaguari,PR,1,-23.522116589381856,-51.6776633579356
mandirituba,PR,1,-25.770383610713115,-49.32480184605346
marapoama,SP,1,-21.256794218570786,-49.1302214871592
marialva,PR,1,-23.48392434035238,-51.79990910433005
marica,RJ,1,-22.919618105516072,-42.83978957558533
massaranduba,SC,1,-26.610216926670343,-49.002534048018276
mateus leme,MG,1,-19.99123842180006,-44.42872947177971
ipaussu,SP,1,-23.055151680595838,-49.62719098425694
louveira,SP,1,-23.08550507419915,-46.95954096067056
luiz alves,SC,1,-26.719065127148422,-48.99619111602232
luziania,GO,1,-16.262499271866016,-47.956459959807795
macatuba,SP,1,-22.514093447641567,-48.71694212220494
mairinque,SP,1,-23.53650295835299,-47.18889011605326
mamanguape,PB,1,-6.837168594957803,-35.12688719306731
manaus,AM,1,-3.1316720333175874,-60.019225134515096
mandaguacu,PR,1,-23.34495591219923,-52.09904825765634
ourinhos,SP,1,-22.98470598279763,-49.881834805384784
ouro fino,MG,1,-22.278485305030316,-46.37130155156736
ouro preto,MG,1,-20.391011466737957,-43.507047162023525
pacatuba,CE,1,-3.9538412260976616,-38.615167640864634
paicandu,PR,1,-23.45682094005969,-52.03990549710547
palotina,PR,1,-24.28579720485287,-53.837677556703355
para de minas,MG,1,-19.853541121211897,-44.60882226071132
paracambi,RJ,1,-22.61483382699214,-43.705683375748585
nova lima,MG,1,-19.98048628881467,-43.93981496058217
nova petrópolis,RS,1,-29.375117732594422,-51.10823005629176
nova trento,SC,1,-27.28299944363184,-48.93077294776362
novo horizonte,SP,1,-21.4696009553403,-49.222216847438304
olimpia,SP,1,-20.73752999199967,-48.9090364662508
oliveira,MG,1,-20.698563939792177,-44.82676038665832
orlandia,SP,1,-20.716823599737285,-47.87953500680893
orleans,SC,1,-28.357506793762706,-49.288673597165094
mucambo,CE,1,-3.905726996478778,-40.74612755881526
muqui,ES,1,-20.95206473566138,-41.342187048258076
muriae,MG,1,-21.136388018041888,-42.399282851834
neopolis,SE,1,-10.32593083501133,-36.57752881665699
nhandeara,SP,1,-20.693537430599775,-50.042499092685674
nilopolis,RJ,1,-22.805706631753832,-43.42307905240664
nilópolis,RJ,1,-22.816628254842055,-43.416324968037635
niterói,RJ,1,-22.9110328213164,-43.06742681237905
miguelopolis,SP,1,-20.182732189905014,-48.02780172057328
mineiros do tiete,SP,1,-22.41339600173933,-48.45129697299396
mirandopolis,SP,1,-21.132503677693613,-51.103186563082744
mococa,SP,1,-21.466660105003786,-47.00530729612842
mombuca,SP,1,-20.56936647541443,-46.02311914850127
monte alto,SP,1,-21.263459220114285,-48.495496727506335
monte siao,MG,1,-22.430217898121075,-46.57340512991158
monteiro lobato,SP,1,-22.95371488210672,-45.839550230520295
igrejinha,RS,1,-29.571977530057968,-50.79472976396335
ilheus,BA,1,-14.778697541236195,-39.05732606895031
ilicinea,MG,1,-20.940577532886604,-45.82723735222764
imbe,RS,1,-29.949823496703946,-50.11914007834461
imbituva,PR,1,-25.229677010502076,-50.603896895070974
imigrante,RS,1,-29.345230455593615,-51.76658692040368
paulo afonso,BA,1,-9.404467767344052,-38.222337498861826
pederneiras,SP,1,-22.348013116995098,-48.784495697020546
guarujá,SP,1,-23.983786906789252,-46.24074680750369
guiricema,MG,1,-21.00463525274551,-42.72034572426051
holambra,SP,1,-22.633046009436132,-47.05260391223774
horizontina,RS,1,-27.627277989445282,-54.31036031755507
hortolandia,SP,1,-22.889982360458344,-47.19898012005198
hortolândia,SP,1,-22.892791605649712,-47.17384949978643
ibia,MG,1,-19.515039180739823,-46.56160823512746
ibirité,MG,1,-20.013645630860008,-44.07010945653083
guaira,PR,1,-24.08674452889675,-54.25118501409774
guaira,SP,1,-20.3249901235719,-48.320131288780836
guanambi,BA,1,-14.223207197286886,-42.78339770003472
guanhaes,MG,1,-18.775765183946625,-42.93166199720478
guara,SP,1,-20.43217689916522,-47.82416381617847
guarapuava,PR,1,-25.382309816870258,-51.45456651508261
guaratingueta,SP,1,-22.778161755463493,-45.20773514694765
guariba,SP,1,-21.36350170979939,-48.22960077888057
parai,RS,1,-28.596703774432147,-51.786946085315805
paraiba do sul,RJ,1,-22.16428987434635,-43.29222008230457
paraiso do sul,RS,1,-29.723802873745612,-53.17918716660632
paranavai,PR,1,-23.078837903414584,-52.4647318679761
parnamirim,RN,1,-5.886563452788081,-35.208241315938245
passos,MG,1,-20.719638211559776,-46.604848528571765
pato bragado,PR,1,-24.625809140863744,-54.22673085775215
guaimbe,SP,1,-21.90997953797039,-49.89617225055718
governador valadares,MG,1,-18.88547551320914,-41.94732216443707
porto firme,MG,1,-20.699028840686484,-42.99946861920252
porto seguro,BA,1,-16.432027097855745,-39.07562867228171
porto velho,RO,1,-8.766194545807497,-63.89356545864417
pouso alegre,MG,1,-22.235082800726914,-45.93392182723873
poá,SP,1,-23.52194421054593,-46.34087492614052
prados,MG,1,-21.059067150905058,-44.083411637917365
presidente bernardes,SP,1,-22.00850814387055,-51.55634360153442
feira de santana,BA,1,-12.253205687347366,-38.967643931088915
fernando prestes,SP,1,-21.267134804144064,-48.686678524301236
floresta,PR,1,-23.614374068425708,-52.082794433928086
formosa do oeste,PR,1,-24.296024477069246,-53.3145970174448
francisco morato,SP,1,-23.282843367454195,-46.74615014505265
fronteira,MG,1,-20.279454990887864,-49.2025514813791
garuva,SC,1,-26.034602380283914,-48.85354111529444
goioere,PR,1,-24.185936255296784,-53.02562860417749
piracanjuba,GO,1,-17.30349906583519,-49.02636879088997
pirassununga,SP,1,-22.01327199468417,-47.41515436456504
pitangueiras,SP,1,-21.00987455542997,-48.219255640094126
ponte nova,MG,1,-20.410060488150783,-42.89881690745697
portao,RS,1,-29.694204375791138,-51.23318877432421
eunapolis,BA,1,-16.37521603869197,-39.58755141159429
eusebio,CE,1,-3.8780846128375694,-38.4586571230597
extrema,MG,1,-22.855478223289115,-46.31950127100401
pedregulho,SP,1,-20.248446312480418,-47.476741704155444
pedrinhas paulista,SP,1,-22.815272553334733,-50.79127156718951
pedro leopoldo,MG,1,-19.613117562252093,-44.03989226354459
pilar do sul,SP,1,-23.81197455444591,-47.72290759681854
pindamonhangaba,SP,1,-22.920186332834536,-45.46440222679634
pinhalao,PR,1,-23.78967571984096,-50.058695203268186
pinhalzinho,SC,1,-26.847939738284047,-52.98723222324769
pinhalzinho,SP,1,-22.780736129682907,-46.588867109618306
engenheiro coelho,SP,1,-22.487817723352375,-47.20455471253452
entre rios do oeste,PR,1,-24.702966464945906,-54.23744799743772
erechim,RS,1,-27.63604581650499,-52.2730491223361
rio verde,GO,1,-17.804500726925003,-50.916494660436
rolante,RS,1,-29.64963363646582,-50.572926219838166
ronda alta,RS,1,-27.78222223380718,-52.806500480230916
sabara,MG,1,-19.880489318726323,-43.90337735934442
santa cecília,SC,1,-26.960282815228826,-50.41834564086907
cruzeiro,SP,1,-22.578126240918923,-44.96154905740904
descalvado,SP,1,-21.908634153727803,-47.6195840295051
divisa nova,MG,1,-21.509980632593987,-46.195791142464834
domingos martins,ES,1,-20.35420704341062,-40.703285268955995
dracena,SP,1,-21.48639335970809,-51.533744143993836
embu,SP,1,-23.62700494903719,-46.82318450408936
embu das artes,SP,1,-23.64878072764483,-46.84902416891696
embu-guacu,SP,1,-23.8351268270498,-46.81408628502836
rio do oeste,SC,1,-27.19614273379346,-49.79595722328515
rio grande,RS,1,-32.079231334862214,-52.156032771961506
rio negrinho,SC,1,-26.25613891864582,-49.52153209709076
cordeiropolis,SP,1,-22.481763564480133,-47.459958340316014
cordilheira alta,SC,1,-26.986388569060693,-52.60331776416496
cornelio procopio,PR,1,-23.181161077296654,-50.64960783251922
coxim,MS,1,-18.50726515886232,-54.74875310212911
cravinhos,SP,1,-21.339319962321323,-47.737352556997614
presidente epitacio,SP,1,-21.773562635668824,-52.115709937410585
presidente getulio,SC,1,-27.050238879786896,-49.62755144977645
presidente venceslau,SP,1,-21.8742882795038,-51.84496960410871
queimados,RJ,1,-22.73701486100054,-43.563618736776355
resende,RJ,1,-22.47945755126941,-44.497006003882944
rio bonito,RJ,1,-22.711927870432564,-42.63004113951235
rio branco,AC,1,-9.967843044507292,-67.81328446862534
rio das pedras,SP,1,-22.842321876787764,-47.60705361138728
congonhas,MG,1,-20.509894537367913,-43.86168754730868
sao francisco do sul,SC,1,-26.24556370537883,-48.60788895849941
sao joao da boa vista,SP,1,-21.973167687922786,-46.79459474749641
sao joaquim da barra,SP,1,-20.585751390105457,-47.863693188164746
sao leopoldo,RS,1,-29.77653386683951,-51.13068516330073
sao pedro da aldeia,RJ,1,-22.80981035611303,-42.164405297717686
sao sebastiao,SP,1,-23.771731754447984,-45.52529592946437
sao sebastiao da grama,SP,1,-21.710870954893334,-46.82083536657486
cerqueira cesar,SP,1,-23.034100418770535,-49.16234455805434
cianorte,PR,1,-23.657923694543378,-52.58993043586271
clementina,SP,1,-21.56018491317655,-50.445800319817664
colatina,ES,1,-19.52664430508559,-40.662431856344476
colorado,PR,1,-22.837653869064955,-51.973422045406195
concordia,SC,1,-27.21992557329001,-52.02327989668862
condor,RS,1,-28.20732212632177,-53.484839056818565
congonhal,MG,1,-21.865404185877193,-45.65082349975035
sao bento,PB,1,-6.491794555348289,-37.45186210632904
cananéia,SP,1,-25.009292746688903,-47.93195710361432
caratinga,MG,1,-19.787035607141227,-42.1378858141528
carmo da mata,MG,1,-20.55966811821635,-44.86917286484877
carmo do cajuru,MG,1,-20.282776843212414,-44.831468417027196
cataguases,MG,1,-21.382655116417972,-42.70358535785255
caucaia,CE,1,-3.7667659956037407,-38.65536409195577
caçador,SC,1,-26.775704753869576,-51.02952456825458
santa cruz do sul,RS,1,-29.69489793178255,-52.44250849507993
santa maria da serra,SP,1,-22.569639672881543,-48.15539870681134
santa rosa de viterbo,SP,1,-21.48348869998301,-47.36865063485143
santa terezinha de goiás,GO,1,-14.43073368841814,-49.7106029180799
santo antonio da patrulha,RS,1,-29.833102764742073,-50.52008406269422
santo antonio de padua,RJ,1,-21.552859881634557,-42.19618878044136
santo antonio de posse,SP,1,-22.60561843199777,-46.920447238133505
santo ângelo,RS,1,-28.290552519798347,-54.262511433078906
vitoria de santo antao,PE,1,-8.120502273342717,-35.29647027475308
vitória,ES,1,-20.320038528527185,-40.3329218886029
almirante tamandare,PR,1,-25.3418094415625,-49.29556761319491
alambari,SP,1,-23.56157106605844,-47.88510054852834
afonso claudio,ES,1,-20.076821553002276,-41.12371138232126
várzea paulista,SP,1,-23.218702229039696,-46.83249590862526
abadia de goias,GO,1,-16.76706286540188,-49.438089420466014
tres coroas,RS,1,-29.511355583933103,-50.78115073787274
teresina,PI,1,-5.12360945433745,-42.76834387096315
terra boa,PR,1,-23.77185835065084,-52.44832800271509
tiete,SP,1,-23.101621006440027,-47.71181914055678
timoteo,MG,1,-19.545340606723506,-42.643848513674975
vicosa,MG,1,-20.754734638539293,-42.87751998529491
ampere,PR,1,-25.91985831671865,-53.47434392960834
alvorada,RS,1,-30.006489300919636,-51.07951429592405
alvares machado,SP,1,-22.07699368740586,-51.46756282500047
são leopoldo,RS,1,-29.769156789229083,-51.1302496283369
são luís,MA,1,-2.5012422006260024,-44.24816336596761
taboão da serra,SP,1,-23.636703761016996,-46.79412240682528
taio,SC,1,-27.118392469189253,-49.999646980328485
tambau,SP,1,-21.703495030535553,-47.276353860301036
taruma,SP,1,-22.7489466206339,-50.578951684465736
teixeira soares,PR,1,-25.371975656252413,-50.462083835822334
teofilo otoni,MG,1,-17.858065304878753,-41.49527921433998
boa esperança,RJ,1,-22.751923494229857,-42.53355679259949
bocaiuva do sul,PR,1,-25.21080605480616,-49.111757263590974
bofete,SP,1,-23.110602286087335,-48.262470448819585
bom jardim,RJ,1,-22.15968821079869,-42.41686495479445
bom jesus dos perdoes,SP,1,-23.138276989175566,-46.468612532513475
bombinhas,SC,1,-27.15657253033492,-48.50320378589786
bonfinopolis de minas,MG,1,-16.562527667206663,-45.9986358674731
são joão de meriti,RJ,1,-22.80597341277987,-43.3903648173854
joao pinheiro,MG,1,-17.732005370360085,-46.16588731423498
juazeiro do norte,CE,1,-7.214522842391537,-39.30961254620596
jussara,PR,1,-23.622748095003274,-52.4701183751283
lagoa santa,MG,1,-19.636520104484408,-43.89965142692265
laguna,SC,1,-28.47572857600972,-48.784659261030505
lambari,MG,1,-21.974223701500048,-45.349168217053055
laranjeiras do sul,PR,1,-25.406829674391112,-52.41264472955825
leme,SP,1,-22.181647599313436,-47.404266712265496
jambeiro,SP,1,-23.26168303044727,-45.69815213667702
janaúba,MG,1,-15.80139862110408,-43.31032547167575
japira,PR,1,-23.8119965425153,-50.14014250820877
jaragua,GO,1,-15.7491870749417,-49.332105332149894
jarinu,SP,1,-23.096492254601632,-46.71792466026417
jaú,SP,1,-22.285564358190705,-48.53505780924214
ji-parana,RO,1,-10.87722223893279,-61.95841508458222
joao monlevade,MG,1,-19.81470370525168,-43.170408968379526
vargem grande paulista,SP,1,-23.622578843657738,-47.01272716168211
varzea alegre,CE,1,-6.792557339326901,-39.29859640215861
vassouras,RJ,1,-22.40767287308994,-43.667689767440216
vera cruz,SP,1,-22.22217393101984,-49.822674319538606
vespasiano,MG,1,-19.731097253636868,-43.94146568879755
viana,ES,1,-20.370296473620964,-40.416448541581005
jacutinga,RS,1,-27.728956133348813,-52.536535128236906
jales,SP,1,-20.280018460507243,-50.551435046389685
tres de maio,RS,1,-27.77657590438832,-54.23551840843681
tres rios,RJ,1,-22.117081691207215,-43.211924511561755
triunfo,RS,1,-29.930632716179662,-51.70738486119434
ubatuba,SP,1,-23.452929299956928,-45.093219408528476
uberlândia,MG,1,-18.950237259905315,-48.309470659443285
uniao da vitoria,PR,1,-26.230550326532917,-51.08592558853442
uruguaiana,RS,1,-29.762249215384355,-57.078952373770164
vale dos vinhedos,RS,1,-29.17519237322801,-51.56925812204669
